insert into library_readers (r_id, r_fname, r_lname, r_docnumber, book_count, book_borrowed_current) values (1, 'Evaleen', 'Pimme', 1, 1, 1);
insert into library_readers (r_id, r_fname, r_lname, r_docnumber, book_count, book_borrowed_current) values (2, 'Darcee', 'Crosston', 2, 2, 2);
insert into library_readers (r_id, r_fname, r_lname, r_docnumber, book_count, book_borrowed_current) values (3, 'Frank', 'Smalridge', 3, 3, 3);
insert into library_readers (r_id, r_fname, r_lname, r_docnumber, book_count, book_borrowed_current) values (4, 'Estelle', 'Thomann', 4, 4, 4);
insert into library_readers (r_id, r_fname, r_lname, r_docnumber, book_count, book_borrowed_current) values (5, 'Kipper', 'Rohmer', 5, 5, 5);
insert into library_readers (r_id, r_fname, r_lname, r_docnumber, book_count, book_borrowed_current) values (6, 'Abby', 'Choat', 6, 6, 6);
insert into library_readers (r_id, r_fname, r_lname, r_docnumber, book_count, book_borrowed_current) values (7, 'Ana', 'Shirley', 7, 7, 7);
insert into library_readers (r_id, r_fname, r_lname, r_docnumber, book_count, book_borrowed_current) values (8, 'Leonard', 'Yabsley', 8, 8, 8);
insert into library_readers (r_id, r_fname, r_lname, r_docnumber, book_count, book_borrowed_current) values (9, 'Morie', 'Sayse', 9, 9, 9);
insert into library_readers (r_id, r_fname, r_lname, r_docnumber, book_count, book_borrowed_current) values (10, 'Mordecai', 'Topper', 10, 10, 10);
insert into library_readers (r_id, r_fname, r_lname, r_docnumber, book_count, book_borrowed_current) values (11, 'Urbano', 'Pedron', 11, 11, 11);
insert into library_readers (r_id, r_fname, r_lname, r_docnumber, book_count, book_borrowed_current) values (12, 'Devin', 'Gomar', 12, 12, 12);
insert into library_readers (r_id, r_fname, r_lname, r_docnumber, book_count, book_borrowed_current) values (13, 'Randolph', 'Sidebottom', 13, 13, 13);
insert into library_readers (r_id, r_fname, r_lname, r_docnumber, book_count, book_borrowed_current) values (14, 'Lydie', 'Culy', 14, 14, 14);
insert into library_readers (r_id, r_fname, r_lname, r_docnumber, book_count, book_borrowed_current) values (15, 'Nadeen', 'Hallard', 15, 15, 15);
insert into library_readers (r_id, r_fname, r_lname, r_docnumber, book_count, book_borrowed_current) values (16, 'Deena', 'Winder', 16, 16, 16);
insert into library_readers (r_id, r_fname, r_lname, r_docnumber, book_count, book_borrowed_current) values (17, 'Padraig', 'Fee', 17, 17, 17);
insert into library_readers (r_id, r_fname, r_lname, r_docnumber, book_count, book_borrowed_current) values (18, 'Alie', 'Coulbeck', 18, 18, 18);
insert into library_readers (r_id, r_fname, r_lname, r_docnumber, book_count, book_borrowed_current) values (19, 'Aubrey', 'Seppey', 19, 19, 19);
insert into library_readers (r_id, r_fname, r_lname, r_docnumber, book_count, book_borrowed_current) values (20, 'Bernelle', 'Jacquest', 20, 20, 20);
insert into library_readers (r_id, r_fname, r_lname, r_docnumber, book_count, book_borrowed_current) values (21, 'Felike', 'Peacocke', 21, 21, 21);
insert into library_readers (r_id, r_fname, r_lname, r_docnumber, book_count, book_borrowed_current) values (22, 'Yolande', 'Kilcoyne', 22, 22, 22);
insert into library_readers (r_id, r_fname, r_lname, r_docnumber, book_count, book_borrowed_current) values (23, 'Welby', 'Oger', 23, 23, 23);
insert into library_readers (r_id, r_fname, r_lname, r_docnumber, book_count, book_borrowed_current) values (24, 'Shanon', 'Utton', 24, 24, 24);
insert into library_readers (r_id, r_fname, r_lname, r_docnumber, book_count, book_borrowed_current) values (25, 'Ibby', 'Fernihough', 25, 25, 25);
insert into library_readers (r_id, r_fname, r_lname, r_docnumber, book_count, book_borrowed_current) values (26, 'Nixie', 'Storrah', 26, 26, 26);
insert into library_readers (r_id, r_fname, r_lname, r_docnumber, book_count, book_borrowed_current) values (27, 'Bobbie', 'Grichukhin', 27, 27, 27);
insert into library_readers (r_id, r_fname, r_lname, r_docnumber, book_count, book_borrowed_current) values (28, 'Lyman', 'Gavey', 28, 28, 28);
insert into library_readers (r_id, r_fname, r_lname, r_docnumber, book_count, book_borrowed_current) values (29, 'Janeta', 'Humbatch', 29, 29, 29);
insert into library_readers (r_id, r_fname, r_lname, r_docnumber, book_count, book_borrowed_current) values (30, 'Darwin', 'Addey', 30, 30, 30);
insert into library_readers (r_id, r_fname, r_lname, r_docnumber, book_count, book_borrowed_current) values (31, 'Lindsey', 'Tollemache', 31, 31, 31);
insert into library_readers (r_id, r_fname, r_lname, r_docnumber, book_count, book_borrowed_current) values (32, 'Nataline', 'Gyenes', 32, 32, 32);
insert into library_readers (r_id, r_fname, r_lname, r_docnumber, book_count, book_borrowed_current) values (33, 'Adriaens', 'Creasy', 33, 33, 33);
insert into library_readers (r_id, r_fname, r_lname, r_docnumber, book_count, book_borrowed_current) values (34, 'Rafaello', 'Denkin', 34, 34, 34);
insert into library_readers (r_id, r_fname, r_lname, r_docnumber, book_count, book_borrowed_current) values (35, 'Becca', 'Hilldrop', 35, 35, 35);
insert into library_readers (r_id, r_fname, r_lname, r_docnumber, book_count, book_borrowed_current) values (36, 'Marybeth', 'Fishbourn', 36, 36, 36);
insert into library_readers (r_id, r_fname, r_lname, r_docnumber, book_count, book_borrowed_current) values (37, 'Conn', 'Dowd', 37, 37, 37);
insert into library_readers (r_id, r_fname, r_lname, r_docnumber, book_count, book_borrowed_current) values (38, 'Otto', 'Harrowsmith', 38, 38, 38);
insert into library_readers (r_id, r_fname, r_lname, r_docnumber, book_count, book_borrowed_current) values (39, 'Mollee', 'Richie', 39, 39, 39);
insert into library_readers (r_id, r_fname, r_lname, r_docnumber, book_count, book_borrowed_current) values (40, 'Cooper', 'Mowbray', 40, 40, 40);
insert into library_readers (r_id, r_fname, r_lname, r_docnumber, book_count, book_borrowed_current) values (41, 'Stephanie', 'Seamon', 41, 41, 41);
insert into library_readers (r_id, r_fname, r_lname, r_docnumber, book_count, book_borrowed_current) values (42, 'Anita', 'Aluard', 42, 42, 42);
insert into library_readers (r_id, r_fname, r_lname, r_docnumber, book_count, book_borrowed_current) values (43, 'Scarlet', 'Grahame', 43, 43, 43);
insert into library_readers (r_id, r_fname, r_lname, r_docnumber, book_count, book_borrowed_current) values (44, 'Deloria', 'Bramall', 44, 44, 44);
insert into library_readers (r_id, r_fname, r_lname, r_docnumber, book_count, book_borrowed_current) values (45, 'Gayelord', 'Rossant', 45, 45, 45);
insert into library_readers (r_id, r_fname, r_lname, r_docnumber, book_count, book_borrowed_current) values (46, 'Klemens', 'Leverton', 46, 46, 46);
insert into library_readers (r_id, r_fname, r_lname, r_docnumber, book_count, book_borrowed_current) values (47, 'Antonin', 'Maffioletti', 47, 47, 47);
insert into library_readers (r_id, r_fname, r_lname, r_docnumber, book_count, book_borrowed_current) values (48, 'Ynes', 'Peret', 48, 48, 48);
insert into library_readers (r_id, r_fname, r_lname, r_docnumber, book_count, book_borrowed_current) values (49, 'Robena', 'Waldron', 49, 49, 49);
insert into library_readers (r_id, r_fname, r_lname, r_docnumber, book_count, book_borrowed_current) values (50, 'Dulcinea', 'Bon', 50, 50, 50);

                         
insert into black_list (r_id, reason) values (1, 'Nulla ut erat id mauris vulputate elementum. Nullam varius. Nulla facilisi. Cras non velit nec nisi vulputate nonummy.');
insert into black_list (r_id, reason) values (2, 'Lorem ipsum dolor sit amet, consectetuer adipiscing elit. Proin interdum mauris non ligula pellentesque ultrices. Phasellus id sapien in sapien iaculis congue. Vivamus metus arcu, adipiscing molestie, hendrerit at, vulputate vitae, nisl. Aenean lectus. Pellentesque eget nunc. Donec quis orci eget orci vehicula condimentum. Curabitur in libero ut massa volutpat convallis.');
insert into black_list (r_id, reason) values (3, 'Duis bibendum. Morbi non quam nec dui luctus rutrum.');
insert into black_list (r_id, reason) values (4, 'Quisque porta volutpat erat. Quisque erat eros, viverra eget, congue eget, semper rutrum, nulla.');
insert into black_list (r_id, reason) values (5, 'Nunc purus. Phasellus in felis. Donec semper sapien a libero. Nam dui. Proin leo odio, porttitor id, consequat in, consequat ut, nulla.');


insert into online_user (user_id, login, password, r_id) values (1, 'gelan0', 'GLIMEPIRIDE', 31);
insert into online_user (user_id, login, password, r_id) values (2, 'mpretswell1', 'ARTISTRY Time Defiance UV Defense SPF 50 Ultra Facial Sunscreen', 32);
insert into online_user (user_id, login, password, r_id) values (3, 'pdoggett2', 'Alka-Seltzer HEARTBURN', 33);
insert into online_user (user_id, login, password, r_id) values (4, 'jwooder3', 'Meclizine Hydrochloride', 34);
insert into online_user (user_id, login, password, r_id) values (5, 'mmelton4', 'Powerhouse Fresh Scent Ultra Dish', 35);
insert into online_user (user_id, login, password, r_id) values (6, 'mandraud5', 'Ropinirole Hydrochloride', 36);
insert into online_user (user_id, login, password, r_id) values (7, 'aillingworth6', 'Prednisone', 37);
insert into online_user (user_id, login, password, r_id) values (8, 'gpearman7', 'Hydrocortisone with Aloe', 38);
insert into online_user (user_id, login, password, r_id) values (9, 'jfrankland8', 'Mirtazapine', 39);
insert into online_user (user_id, login, password, r_id) values (10, 'gtukely9', 'Good Sense Aspirin', 40);

insert into position (pos_id, pos_name, salary) values (1, 'viverra', '$477.35');
insert into position (pos_id, pos_name, salary) values (2, 'massa', '$491.05');
insert into position (pos_id, pos_name, salary) values (3, 'sapien', '$291.19');
insert into position (pos_id, pos_name, salary) values (4, 'suspendisse', '$346.00');
insert into position (pos_id, pos_name, salary) values (5, 'faucibus', '$200.27');
insert into position (pos_id, pos_name, salary) values (6, 'vestibulum', '$372.06');
insert into position (pos_id, pos_name, salary) values (7, 'amet', '$386.15');
insert into position (pos_id, pos_name, salary) values (8, 'in', '$408.61');
insert into position (pos_id, pos_name, salary) values (9, 'erat', '$324.72');
insert into position (pos_id, pos_name, salary) values (10, 'vestibulum', '$221.47');

insert into library_staff (employee_id, employee_fname, employee_lname, employee_datebirth) values (1, 'Roosevelt', 'Critten', '1974-06-11');
insert into library_staff (employee_id, employee_fname, employee_lname, employee_datebirth) values (2, 'Zuzana', 'Dawley', '1970-11-29');
insert into library_staff (employee_id, employee_fname, employee_lname, employee_datebirth) values (3, 'Larine', 'Janson', '1997-09-14');
insert into library_staff (employee_id, employee_fname, employee_lname, employee_datebirth) values (4, 'Mariellen', 'Moehler', '1993-04-27');
insert into library_staff (employee_id, employee_fname, employee_lname, employee_datebirth) values (5, 'Shanna', 'MacKilroe', '1981-01-15');
insert into library_staff (employee_id, employee_fname, employee_lname, employee_datebirth) values (6, 'Timmy', 'Mion', '1977-10-24');
insert into library_staff (employee_id, employee_fname, employee_lname, employee_datebirth) values (7, 'Elna', 'Shaylor', '1992-07-29');
insert into library_staff (employee_id, employee_fname, employee_lname, employee_datebirth) values (8, 'Corbet', 'Ubsdale', '1995-12-06');
insert into library_staff (employee_id, employee_fname, employee_lname, employee_datebirth) values (9, 'Cassaundra', 'Morlon', '1981-09-21');
insert into library_staff (employee_id, employee_fname, employee_lname, employee_datebirth) values (10, 'Rhea', 'Pavelka', '1980-09-20');
insert into library_staff (employee_id, employee_fname, employee_lname, employee_datebirth) values (11, 'Jaquenette', 'Brummitt', '1993-04-07');
insert into library_staff (employee_id, employee_fname, employee_lname, employee_datebirth) values (12, 'Kally', 'Seakin', '1990-07-19');
insert into library_staff (employee_id, employee_fname, employee_lname, employee_datebirth) values (13, 'Kari', 'Giorgioni', '1983-01-05');
insert into library_staff (employee_id, employee_fname, employee_lname, employee_datebirth) values (14, 'Whitby', 'Goult', '1989-07-14');
insert into library_staff (employee_id, employee_fname, employee_lname, employee_datebirth) values (15, 'Gusella', 'Catford', '1999-06-02');
insert into library_staff (employee_id, employee_fname, employee_lname, employee_datebirth) values (16, 'Wyatt', 'Locard', '1991-03-26');
insert into library_staff (employee_id, employee_fname, employee_lname, employee_datebirth) values (17, 'Salvatore', 'Annion', '1999-05-09');
insert into library_staff (employee_id, employee_fname, employee_lname, employee_datebirth) values (18, 'Amandie', 'Lillo', '1986-06-24');
insert into library_staff (employee_id, employee_fname, employee_lname, employee_datebirth) values (19, 'Eldridge', 'Bilby', '1975-07-14');
insert into library_staff (employee_id, employee_fname, employee_lname, employee_datebirth) values (20, 'Jacqueline', 'Carruthers', '1976-09-29');

insert into library_staff (employee_id, employee_fname, employee_lname, employee_datebirth, pos_id, hire_date) values (1, 'Giraldo', 'Lambertson', '1973-12-18', 6, '2015-01-10');
insert into library_staff (employee_id, employee_fname, employee_lname, employee_datebirth, pos_id, hire_date) values (2, 'Sawyere', 'Elphinston', '1984-08-03', 6, '2019-05-04');
insert into library_staff (employee_id, employee_fname, employee_lname, employee_datebirth, pos_id, hire_date) values (3, 'Bradley', 'Berceros', '1977-12-16', 7, '2017-05-30');
insert into library_staff (employee_id, employee_fname, employee_lname, employee_datebirth, pos_id, hire_date) values (4, 'Tildi', 'Stone Fewings', '1986-10-25', 9, '2016-01-03');
insert into library_staff (employee_id, employee_fname, employee_lname, employee_datebirth, pos_id, hire_date) values (5, 'Titos', 'Ferrolli', '1973-11-29', 7, '2014-02-05');
insert into library_staff (employee_id, employee_fname, employee_lname, employee_datebirth, pos_id, hire_date) values (6, 'Demeter', 'Ritzman', '1997-01-03', 2, '2019-07-04');
insert into library_staff (employee_id, employee_fname, employee_lname, employee_datebirth, pos_id, hire_date) values (7, 'Rene', 'Borges', '1984-01-25', 4, '2018-03-22');
insert into library_staff (employee_id, employee_fname, employee_lname, employee_datebirth, pos_id, hire_date) values (8, 'Maurizia', 'Fitzsymon', '1998-12-03', 8, '2016-02-18');
insert into library_staff (employee_id, employee_fname, employee_lname, employee_datebirth, pos_id, hire_date) values (9, 'Zebulon', 'Spyby', '1991-03-11', 2, '2017-06-21');
insert into library_staff (employee_id, employee_fname, employee_lname, employee_datebirth, pos_id, hire_date) values (10, 'Mikael', 'Dockrell', '1995-11-05', 5, '2018-02-12');
insert into library_staff (employee_id, employee_fname, employee_lname, employee_datebirth, pos_id, hire_date) values (11, 'Kipper', 'Veitch', '1985-06-05', 5, '2012-01-23');
insert into library_staff (employee_id, employee_fname, employee_lname, employee_datebirth, pos_id, hire_date) values (12, 'Kerrie', 'Causey', '1992-04-11', 7, '2018-08-07');
insert into library_staff (employee_id, employee_fname, employee_lname, employee_datebirth, pos_id, hire_date) values (13, 'Waylon', 'Bloxsome', '1990-04-25', 10, '2018-03-11');
insert into library_staff (employee_id, employee_fname, employee_lname, employee_datebirth, pos_id, hire_date) values (14, 'Cordy', 'Seymark', '1995-11-14', 8, '2013-08-17');
insert into library_staff (employee_id, employee_fname, employee_lname, employee_datebirth, pos_id, hire_date) values (15, 'Kara-lynn', 'Roggerone', '1994-05-25', 9, '2014-05-11');
insert into library_staff (employee_id, employee_fname, employee_lname, employee_datebirth, pos_id, hire_date) values (16, 'Edythe', 'Titlow', '1992-05-09', 1, '2017-08-14');
insert into library_staff (employee_id, employee_fname, employee_lname, employee_datebirth, pos_id, hire_date) values (17, 'Roi', 'Stidworthy', '1975-02-14', 3, '2015-06-24');
insert into library_staff (employee_id, employee_fname, employee_lname, employee_datebirth, pos_id, hire_date) values (18, 'Jesselyn', 'Quinet', '1993-03-20', 4, '2012-03-20');
insert into library_staff (employee_id, employee_fname, employee_lname, employee_datebirth, pos_id, hire_date) values (19, 'Sharla', 'Frankiewicz', '1984-02-26', 1, '2013-12-08');
insert into library_staff (employee_id, employee_fname, employee_lname, employee_datebirth, pos_id, hire_date) values (20, 'Dugald', 'Rizzello', '1973-01-27', 7, '2014-12-26');

insert into book_suppliers (comp_id, comp_name, comp_address, comp_phone, comp_website, delivery) values (1, 'Jabberstorm', '0 Ryan Center', '+86 642 322 5593', 'https://tmall.com', 'Olson-Huels');
insert into book_suppliers (comp_id, comp_name, comp_address, comp_phone, comp_website, delivery) values (2, 'Kaymbo', '53799 Sullivan Street', '+86 287 479 5036', 'https://prweb.com', 'Cormier, Reinger and Shanahan');
insert into book_suppliers (comp_id, comp_name, comp_address, comp_phone, comp_website, delivery) values (3, 'Feedbug', '70742 Corry Street', '+62 597 397 6967', 'https://nature.com', 'Cummerata, O''Reilly and Crona');
insert into book_suppliers (comp_id, comp_name, comp_address, comp_phone, comp_website, delivery) values (4, 'Lazz', '874 Hayes Lane', '+355 396 951 4219', 'http://google.es', 'Parisian-Boehm');
insert into book_suppliers (comp_id, comp_name, comp_address, comp_phone, comp_website, delivery) values (5, 'Tagchat', '4689 Crownhardt Parkway', '+62 106 534 7218', 'http://meetup.com', 'Dicki, Quitzon and Gusikowski');
insert into book_suppliers (comp_id, comp_name, comp_address, comp_phone, comp_website, delivery) values (6, 'Oyope', '34 Gina Hill', '+62 729 779 0384', 'https://canalblog.com', 'Conroy-Carter');
insert into book_suppliers (comp_id, comp_name, comp_address, comp_phone, comp_website, delivery) values (7, 'Eabox', '4196 Melody Plaza', '+503 726 825 4176', 'https://liveinternet.ru', 'Parker, Legros and McLaughlin');
insert into book_suppliers (comp_id, comp_name, comp_address, comp_phone, comp_website, delivery) values (8, 'Skynoodle', '5445 Weeping Birch Court', '+54 824 156 2080', 'http://istockphoto.com', 'Bergnaum-Fahey');
insert into book_suppliers (comp_id, comp_name, comp_address, comp_phone, comp_website, delivery) values (9, 'Dabvine', '061 Becker Plaza', '+33 282 822 5898', 'https://craigslist.org', 'Gleichner, Fadel and Kutch');
insert into book_suppliers (comp_id, comp_name, comp_address, comp_phone, comp_website, delivery) values (10, 'Topicblab', '91182 Cottonwood Alley', '+7 584 705 3225', 'https://naver.com', 'Terry, Labadie and Beatty');

insert into category (category_id, category_name, comp_id, employee_id) values (1, 'Drama|Fantasy', 9, 18);
insert into category (category_id, category_name, comp_id, employee_id) values (2, 'Drama', 10, 5);
insert into category (category_id, category_name, comp_id, employee_id) values (3, 'Comedy', 3, 1);
insert into category (category_id, category_name, comp_id, employee_id) values (4, 'Crime|Drama', 3, 20);
insert into category (category_id, category_name, comp_id, employee_id) values (5, 'Comedy', 10, 3);
insert into category (category_id, category_name, comp_id, employee_id) values (6, 'Action|Crime|Thriller', 10, 18);
insert into category (category_id, category_name, comp_id, employee_id) values (7, 'Drama', 3, 15);
insert into category (category_id, category_name, comp_id, employee_id) values (8, 'Action|Adventure|Fantasy', 2, 15);
insert into category (category_id, category_name, comp_id, employee_id) values (9, 'Action|Thriller', 2, 8);
insert into category (category_id, category_name, comp_id, employee_id) values (10, 'Drama', 9, 17);

insert into library_books (book_id, book_name , book_author , book_desc , book_genre , book_year , book_language ) values (1, 'Citalopram', 'Terra Foro', 'pede venenatis non sodales sed tincidunt eu felis fusce posuere felis sed lacus morbi sem mauris', 'Drama|War', '1975-08-21', 'Haitian Creole');
insert into library_books (book_id, book_name , book_author , book_desc , book_genre , book_year , book_language ) values (2, 'pramoxine hydrochloride', 'Shani Cockarill', 'egestas metus aenean fermentum donec ut mauris eget massa tempor convallis', 'Comedy|Drama|Romance', '2001-11-25', 'Montenegrin');
insert into library_books (book_id, book_name , book_author , book_desc , book_genre , book_year , book_language ) values (3, 'lopinavir and ritonavir', 'Dehlia O''Daly', 'augue quam sollicitudin vitae consectetuer eget rutrum at lorem integer tincidunt ante vel ipsum praesent blandit', 'Drama', '2013-09-13', 'Tsonga');
insert into library_books (book_id, book_name , book_author , book_desc , book_genre , book_year , book_language ) values (4, 'testosterone cypionate', 'Leonid Braysher', 'vivamus in felis eu sapien cursus vestibulum proin eu mi nulla ac enim in tempor turpis', 'Drama', '1978-02-01', 'Bengali');
insert into library_books (book_id, book_name , book_author , book_desc , book_genre , book_year , book_language ) values (5, 'Avobenzone, Homosalate, Octisalate, Octocrylene, and Oxybenzone', 'Fernande Meardon', 'nulla integer pede justo lacinia eget tincidunt eget tempus vel pede morbi porttitor lorem id ligula suspendisse', 'Comedy|Drama|Romance', '1976-05-28', 'Sotho');
insert into library_books (book_id, book_name , book_author , book_desc , book_genre , book_year , book_language ) values (6, 'BENZOCAINE, BUTAMBEN, TETRACAINE HYDROCHLORIDE', 'Nikolai Ipsley', 'quis tortor id nulla ultrices aliquet maecenas leo odio condimentum', 'Documentary', '1993-12-05', 'Māori');
insert into library_books (book_id, book_name , book_author , book_desc , book_genre , book_year , book_language ) values (7, 'Glycopyrrolate', 'Hewet Records', 'aliquam erat volutpat in congue etiam justo etiam pretium iaculis justo in hac habitasse platea dictumst', 'Comedy|Romance', '2000-08-02', 'Ndebele');
insert into library_books (book_id, book_name , book_author , book_desc , book_genre , book_year , book_language ) values (8, 'Fluconazole', 'Teodoro Bansal', 'elementum nullam varius nulla facilisi cras non velit nec nisi vulputate nonummy maecenas', 'Comedy|Romance', '2002-06-14', 'Finnish');
insert into library_books (book_id, book_name , book_author , book_desc , book_genre , book_year , book_language ) values (9, 'ERYTHROMYCIN', 'Clyde Yuryichev', 'mauris viverra diam vitae quam suspendisse potenti nullam porttitor lacus at turpis donec posuere metus vitae', 'Drama|Thriller', '1992-03-13', 'Mongolian');
insert into library_books (book_id, book_name , book_author , book_desc , book_genre , book_year , book_language ) values (10, 'Betula fontinalis', 'Clair Martignoni', 'platea dictumst aliquam augue quam sollicitudin vitae consectetuer eget rutrum', 'Drama|War', '1999-03-24', 'Dari');
insert into library_books (book_id, book_name , book_author , book_desc , book_genre , book_year , book_language ) values (11, 'Gemfibrozil', 'Florina Yitshak', 'molestie sed justo pellentesque viverra pede ac diam cras pellentesque volutpat', 'Comedy', '1984-07-01', 'Malay');
insert into library_books (book_id, book_name , book_author , book_desc , book_genre , book_year , book_language ) values (12, 'fexofenadine hydrochloride', 'Lethia Wetherby', 'magna vulputate luctus cum sociis natoque penatibus et magnis dis parturient montes nascetur ridiculus mus', 'Action|Drama|War|IMAX', '1999-06-07', 'Bengali');
insert into library_books (book_id, book_name , book_author , book_desc , book_genre , book_year , book_language ) values (13, 'clozapine', 'Daron Esmond', 'in hac habitasse platea dictumst aliquam augue quam sollicitudin vitae consectetuer eget rutrum at lorem integer tincidunt ante vel ipsum', '(no genres listed)', '2003-01-23', 'Bosnian');
insert into library_books (book_id, book_name , book_author , book_desc , book_genre , book_year , book_language ) values (14, 'House Fly', 'Rowland Lummasana', 'mauris enim leo rhoncus sed vestibulum sit amet cursus id turpis', 'Horror|Thriller', '2001-10-26', 'Kyrgyz');
insert into library_books (book_id, book_name , book_author , book_desc , book_genre , book_year , book_language ) values (15, 'Hydroquinone', 'Berton Kilshaw', 'proin interdum mauris non ligula pellentesque ultrices phasellus id sapien in sapien iaculis congue vivamus metus arcu adipiscing molestie hendrerit', 'Animation|Comedy', '2016-12-03', 'Māori');
insert into library_books (book_id, book_name , book_author , book_desc , book_genre , book_year , book_language ) values (16, 'Phenazopyridine HCl', 'Melitta Parrish', 'id consequat in consequat ut nulla sed accumsan felis ut at dolor quis odio consequat', 'Documentary', '2010-11-26', 'French');
insert into library_books (book_id, book_name , book_author , book_desc , book_genre , book_year , book_language ) values (17, 'Avobenzone, Homosalate, Octisalate, Octocrylene, and Oxybenzone', 'Gerianne Swalwell', 'molestie nibh in lectus pellentesque at nulla suspendisse potenti cras in', 'Drama|Western', '2013-02-23', 'Swati');
insert into library_books (book_id, book_name , book_author , book_desc , book_genre , book_year , book_language ) values (18, 'Acetaminophen, DIPHENHYDRAMINE HYDROCHLORIDE, PHENYLEPHRINE HYDROCHLORIDE', 'Elliott Joanic', 'vitae consectetuer eget rutrum at lorem integer tincidunt ante vel ipsum praesent blandit lacinia erat vestibulum sed magna', 'Thriller', '2020-01-09', 'Gujarati');
insert into library_books (book_id, book_name , book_author , book_desc , book_genre , book_year , book_language ) values (19, 'Calcium carbonate', 'Nevin Barkley', 'scelerisque quam turpis adipiscing lorem vitae mattis nibh ligula nec sem', 'Film-Noir|Thriller', '1995-04-16', 'Greek');
insert into library_books (book_id, book_name , book_author , book_desc , book_genre , book_year , book_language ) values (20, 'Chlordiazepoxide Hydrochloride and Clidinium Bromide', 'Dasi Drains', 'posuere nonummy integer non velit donec diam neque vestibulum eget vulputate ut ultrices vel augue', 'Drama', '1998-10-08', 'Tok Pisin');
insert into library_books (book_id, book_name , book_author , book_desc , book_genre , book_year , book_language ) values (21, 'Glycerin', 'Janean Kainz', 'magna vestibulum aliquet ultrices erat tortor sollicitudin mi sit amet lobortis', 'Action|Drama|Horror|Sci-Fi|Thriller', '2009-07-25', 'Thai');
insert into library_books (book_id, book_name , book_author , book_desc , book_genre , book_year , book_language ) values (22, 'Fluorescein Sodium', 'Melanie Garth', 'lacus at velit vivamus vel nulla eget eros elementum pellentesque quisque porta', 'Drama|Romance', '1992-11-06', 'Icelandic');
insert into library_books (book_id, book_name , book_author , book_desc , book_genre , book_year , book_language ) values (23, 'BENZALKONIUM CHLORIDE', 'Ida Littleover', 'sit amet cursus id turpis integer aliquet massa id lobortis convallis tortor risus dapibus augue vel accumsan', 'Comedy', '1977-04-05', 'Lao');
insert into library_books (book_id, book_name , book_author , book_desc , book_genre , book_year , book_language ) values (24, 'Camphor, Menthol, and Methyl Salicylate', 'Diena Upham', 'molestie hendrerit at vulputate vitae nisl aenean lectus pellentesque eget nunc donec', 'Adventure|Comedy|Fantasy', '1972-06-20', 'Gagauz');
insert into library_books (book_id, book_name , book_author , book_desc , book_genre , book_year , book_language ) values (25, 'Carvedilol', 'Jeanelle McIlwrath', 'in faucibus orci luctus et ultrices posuere cubilia curae mauris viverra diam vitae quam suspendisse potenti nullam porttitor', 'Action|Adventure|Drama|Thriller', '2019-05-18', 'Kazakh');
insert into library_books (book_id, book_name , book_author , book_desc , book_genre , book_year , book_language ) values (26, 'Acetaminophen, Chlorpheniramine Maleate, Dextromethorphan HBr, Phenylephrine HCl', 'Valma Irce', 'in quis justo maecenas rhoncus aliquam lacus morbi quis tortor id nulla ultrices aliquet maecenas leo odio condimentum id luctus', 'Horror|Mystery|Sci-Fi|Thriller', '1997-03-10', 'Hungarian');
insert into library_books (book_id, book_name , book_author , book_desc , book_genre , book_year , book_language ) values (27, 'Menthol', 'Jake Whibley', 'felis ut at dolor quis odio consequat varius integer ac leo', 'Drama|Thriller', '2014-07-31', 'Oriya');
insert into library_books (book_id, book_name , book_author , book_desc , book_genre , book_year , book_language ) values (28, 'Diphenhydramine, Lidocaine, Nystatin', 'Fayina Killford', 'ligula sit amet eleifend pede libero quis orci nullam molestie nibh in lectus pellentesque', 'Action|Comedy|Horror', '1985-04-15', 'Catalan');
insert into library_books (book_id, book_name , book_author , book_desc , book_genre , book_year , book_language ) values (29, 'OCTINOXATE, OXYBENZONE, PADIMATE O', 'Brenna Axell', 'sed interdum venenatis turpis enim blandit mi in porttitor pede justo eu massa donec dapibus duis', 'Drama', '1974-12-08', 'Māori');
insert into library_books (book_id, book_name , book_author , book_desc , book_genre , book_year , book_language ) values (30, 'Lidocane and Phenylephrine HCL', 'Meggi Knoton', 'in lacus curabitur at ipsum ac tellus semper interdum mauris ullamcorper', 'Comedy|Drama', '2006-11-03', 'Chinese');
insert into library_books (book_id, book_name , book_author , book_desc , book_genre , book_year , book_language ) values (31, 'Cefuroxime axetil', 'Therine Pesek', 'eget semper rutrum nulla nunc purus phasellus in felis donec semper sapien a libero nam', 'Drama', '2016-04-19', 'Norwegian');
insert into library_books (book_id, book_name , book_author , book_desc , book_genre , book_year , book_language ) values (32, 'Enalapril Maleate', 'Viv Judd', 'non sodales sed tincidunt eu felis fusce posuere felis sed lacus', 'Comedy|Romance', '1984-04-26', 'Pashto');
insert into library_books (book_id, book_name , book_author , book_desc , book_genre , book_year , book_language ) values (33, 'Hydrochlorothiazide', 'Karisa Deavin', 'volutpat dui maecenas tristique est et tempus semper est quam pharetra magna ac consequat metus sapien ut nunc vestibulum ante', 'Drama', '1971-10-30', 'Swati');
insert into library_books (book_id, book_name , book_author , book_desc , book_genre , book_year , book_language ) values (34, 'Pyrithione Zinc', 'Dawn Aiton', 'primis in faucibus orci luctus et ultrices posuere cubilia curae duis', 'Drama|Thriller', '2016-04-14', 'Hungarian');
insert into library_books (book_id, book_name , book_author , book_desc , book_genre , book_year , book_language ) values (35, 'Metoprolol Tartrate', 'Twyla Dawltrey', 'dolor sit amet consectetuer adipiscing elit proin risus praesent lectus vestibulum quam sapien varius ut blandit non interdum', 'Drama|Western', '2000-11-18', 'Catalan');
insert into library_books (book_id, book_name , book_author , book_desc , book_genre , book_year , book_language ) values (36, 'Midazolam Hydrochloride', 'Jacky Esplin', 'magnis dis parturient montes nascetur ridiculus mus etiam vel augue vestibulum rutrum rutrum', 'Comedy', '2010-10-10', 'Kurdish');
insert into library_books (book_id, book_name , book_author , book_desc , book_genre , book_year , book_language ) values (37, 'dimethicone', 'Holly Wackley', 'elementum nullam varius nulla facilisi cras non velit nec nisi vulputate nonummy maecenas tincidunt lacus at velit vivamus vel', 'Documentary', '2005-01-15', 'Croatian');
insert into library_books (book_id, book_name , book_author , book_desc , book_genre , book_year , book_language ) values (38, 'Ketoconazole', 'Sherlock Ingliss', 'mi nulla ac enim in tempor turpis nec euismod scelerisque', 'Action|Adventure|Drama', '1982-06-10', 'Kazakh');
insert into library_books (book_id, book_name , book_author , book_desc , book_genre , book_year , book_language ) values (39, 'Acetaminophen', 'Mortimer Featherstonhalgh', 'pede venenatis non sodales sed tincidunt eu felis fusce posuere felis sed lacus morbi sem mauris laoreet', 'Action|Horror|Thriller', '1997-05-01', 'Assamese');
insert into library_books (book_id, book_name , book_author , book_desc , book_genre , book_year , book_language ) values (40, 'Padimate O, Petrolatum', 'Aida Weiner', 'et ultrices posuere cubilia curae duis faucibus accumsan odio curabitur convallis duis', 'Documentary', '2014-04-16', 'Kashmiri');
insert into library_books (book_id, book_name , book_author , book_desc , book_genre , book_year , book_language ) values (41, 'Nitrogen', 'Brynn Huet', 'eros vestibulum ac est lacinia nisi venenatis tristique fusce congue diam id ornare imperdiet', 'Adventure|Drama|Fantasy|IMAX', '1998-07-22', 'Kashmiri');
insert into library_books (book_id, book_name , book_author , book_desc , book_genre , book_year , book_language ) values (42, 'MENTHOL', 'Glynnis Seale', 'velit nec nisi vulputate nonummy maecenas tincidunt lacus at velit', 'Comedy|Drama|Romance', '1987-05-14', 'Irish Gaelic');
insert into library_books (book_id, book_name , book_author , book_desc , book_genre , book_year , book_language ) values (43, 'Minoxidil', 'Dennie Badland', 'enim sit amet nunc viverra dapibus nulla suscipit ligula in lacus curabitur at ipsum ac tellus semper interdum mauris ullamcorper', 'Crime|Mystery', '2011-07-24', 'Telugu');
insert into library_books (book_id, book_name , book_author , book_desc , book_genre , book_year , book_language ) values (44, 'ISOPROPYL ALCOHOL', 'Lavinie Paliser', 'mauris eget massa tempor convallis nulla neque libero convallis eget eleifend luctus ultricies eu nibh', 'Comedy', '1972-12-28', 'Kashmiri');
insert into library_books (book_id, book_name , book_author , book_desc , book_genre , book_year , book_language ) values (45, 'Metoprolol succinate', 'Carolann Menezes', 'non pretium quis lectus suspendisse potenti in eleifend quam a', 'Comedy|Musical', '2018-07-01', 'Armenian');
insert into library_books (book_id, book_name , book_author , book_desc , book_genre , book_year , book_language ) values (46, 'Labetalol hydrochloride', 'Dre Gloucester', 'turpis integer aliquet massa id lobortis convallis tortor risus dapibus', 'Crime|Drama|Film-Noir', '1976-05-05', 'Tajik');
insert into library_books (book_id, book_name , book_author , book_desc , book_genre , book_year , book_language ) values (47, 'Midazolam HCl', 'Valencia Glass', 'tellus nisi eu orci mauris lacinia sapien quis libero nullam sit amet', 'Documentary', '2012-03-18', 'Swati');
insert into library_books (book_id, book_name , book_author , book_desc , book_genre , book_year , book_language ) values (48, 'Nortriptyline Hydrochloride', 'Jarid Reinard', 'ultrices phasellus id sapien in sapien iaculis congue vivamus metus arcu adipiscing molestie hendrerit at vulputate vitae nisl aenean', 'Comedy|Crime|Mystery|Thriller', '1992-12-26', 'Aymara');
insert into library_books (book_id, book_name , book_author , book_desc , book_genre , book_year , book_language ) values (49, 'Chloroxylenol', 'Murry Tustin', 'fusce consequat nulla nisl nunc nisl duis bibendum felis sed interdum venenatis', 'Action|Sci-Fi', '1990-02-16', 'Nepali');
insert into library_books (book_id, book_name , book_author , book_desc , book_genre , book_year , book_language ) values (50, 'Diltiazem Hydrochloride', 'Gerry Lots', 'duis at velit eu est congue elementum in hac habitasse platea dictumst morbi', 'Comedy|Drama|Fantasy', '1984-01-19', 'Japanese');
insert into library_books (book_id, book_name , book_author , book_desc , book_genre , book_year , book_language ) values (51, 'levobunolol hydrochloride', 'Woodrow Mahmood', 'convallis nulla neque libero convallis eget eleifend luctus ultricies eu nibh quisque id justo sit amet sapien dignissim', 'Comedy|Drama', '2017-01-06', 'Swati');
insert into library_books (book_id, book_name , book_author , book_desc , book_genre , book_year , book_language ) values (52, 'Dextrose, Sodium Acetate, Potassium Chloride, Magnesium Chloride, and Potassium Phosphate, Dibasic', 'Lacy Keaton', 'ullamcorper augue a suscipit nulla elit ac nulla sed vel enim sit amet', 'Adventure|Comedy|Fantasy|Romance', '2008-07-23', 'Dari');
insert into library_books (book_id, book_name , book_author , book_desc , book_genre , book_year , book_language ) values (53, 'Clarithromycin', 'Hillier McCallum', 'nascetur ridiculus mus etiam vel augue vestibulum rutrum rutrum neque aenean', 'Comedy', '1992-08-12', 'Finnish');
insert into library_books (book_id, book_name , book_author , book_desc , book_genre , book_year , book_language ) values (54, 'ACETAMINOPHEN, DEXTROMETHORPHAN HYDROBROMIDE, and DOXYLAMINE SUCCINATE', 'Nadya Chastagnier', 'consectetuer adipiscing elit proin risus praesent lectus vestibulum quam sapien varius ut blandit non interdum in ante vestibulum', 'Drama|Film-Noir|Thriller', '1986-10-04', 'Polish');
insert into library_books (book_id, book_name , book_author , book_desc , book_genre , book_year , book_language ) values (55, 'dutasteride', 'Shanon Paling', 'nulla pede ullamcorper augue a suscipit nulla elit ac nulla sed vel enim', 'Drama', '1977-09-27', 'Yiddish');
insert into library_books (book_id, book_name , book_author , book_desc , book_genre , book_year , book_language ) values (56, 'Pyrithione Zinc', 'Fred Cammish', 'pellentesque volutpat dui maecenas tristique est et tempus semper est quam pharetra magna ac', 'Crime|Sci-Fi', '1976-07-05', 'Tsonga');
insert into library_books (book_id, book_name , book_author , book_desc , book_genre , book_year , book_language ) values (57, 'HYDROXYPROLINE', 'Roze Pinder', 'integer aliquet massa id lobortis convallis tortor risus dapibus augue vel accumsan tellus nisi eu orci mauris lacinia sapien', 'Drama', '2004-10-16', 'Lithuanian');
insert into library_books (book_id, book_name , book_author , book_desc , book_genre , book_year , book_language ) values (58, 'Renes Carbo', 'Dareen Fraser', 'iaculis justo in hac habitasse platea dictumst etiam faucibus cursus urna ut tellus nulla ut', 'Crime|Drama', '2007-12-07', 'Khmer');
insert into library_books (book_id, book_name , book_author , book_desc , book_genre , book_year , book_language ) values (59, 'Titanium Dioxide', 'Izabel Paley', 'vulputate justo in blandit ultrices enim lorem ipsum dolor sit amet consectetuer adipiscing', 'Drama', '2006-03-25', 'Papiamento');
insert into library_books (book_id, book_name , book_author , book_desc , book_genre , book_year , book_language ) values (60, 'Bambusa Rhus', 'Karolina Cato', 'arcu adipiscing molestie hendrerit at vulputate vitae nisl aenean lectus pellentesque eget nunc donec quis orci eget orci vehicula condimentum', 'Horror', '2003-12-12', 'Belarusian');
insert into library_books (book_id, book_name , book_author , book_desc , book_genre , book_year , book_language ) values (61, 'glycerin, phenylephrine HCl, pramoxine HCl, white petrolatum', 'Arvin Whye', 'dolor vel est donec odio justo sollicitudin ut suscipit a feugiat et', 'Drama|War', '1990-04-14', 'Japanese');
insert into library_books (book_id, book_name , book_author , book_desc , book_genre , book_year , book_language ) values (62, 'Parsley', 'Colene Auchterlony', 'non lectus aliquam sit amet diam in magna bibendum imperdiet nullam orci pede', 'Horror|Thriller', '2013-11-08', 'Persian');
insert into library_books (book_id, book_name , book_author , book_desc , book_genre , book_year , book_language ) values (63, 'OCTINOXATE, OCTOCRYLENE, and ZINC OXIDE', 'Krispin Coulman', 'faucibus orci luctus et ultrices posuere cubilia curae mauris viverra diam vitae quam suspendisse potenti nullam porttitor lacus at turpis', 'Documentary', '2008-10-15', 'Korean');
insert into library_books (book_id, book_name , book_author , book_desc , book_genre , book_year , book_language ) values (64, 'amlodipine besylate and atorvastatin calcium', 'Ericha Borgars', 'odio consequat varius integer ac leo pellentesque ultrices mattis odio donec vitae nisi nam ultrices libero non', 'Action|Animation|Fantasy', '2004-06-07', 'Haitian Creole');
insert into library_books (book_id, book_name , book_author , book_desc , book_genre , book_year , book_language ) values (65, 'Benzoyl Peroxide', 'Jo-anne Wahncke', 'sapien placerat ante nulla justo aliquam quis turpis eget elit sodales scelerisque mauris', 'Action|Comedy|Crime', '1982-06-07', 'Aymara');
insert into library_books (book_id, book_name , book_author , book_desc , book_genre , book_year , book_language ) values (66, 'Methimazole', 'King Jantot', 'vel augue vestibulum rutrum rutrum neque aenean auctor gravida sem praesent id', 'Drama|Romance', '1998-05-14', 'Lithuanian');
insert into library_books (book_id, book_name , book_author , book_desc , book_genre , book_year , book_language ) values (67, 'Borax 30c, Calc Carb 30c, Capsicum 30c, Chamomilla 30c, Cina 30c, Lac Can 30c, Kali Bromatum 30c, Stramonium 30c', 'Aeriel Gannicott', 'erat fermentum justo nec condimentum neque sapien placerat ante nulla justo aliquam quis turpis eget elit sodales scelerisque', 'Drama|Thriller', '1973-03-28', 'Romanian');
insert into library_books (book_id, book_name , book_author , book_desc , book_genre , book_year , book_language ) values (68, 'Treatment Set TS331579', 'Leisha Amort', 'tempor turpis nec euismod scelerisque quam turpis adipiscing lorem vitae mattis nibh', 'Drama', '2014-11-27', 'Tswana');
insert into library_books (book_id, book_name , book_author , book_desc , book_genre , book_year , book_language ) values (69, 'Aluminum Zirconium Tetrachlorohydrex GLY', 'Kalil O''Neill', 'curae duis faucibus accumsan odio curabitur convallis duis consequat dui nec nisi volutpat eleifend', 'Crime|Drama|Thriller', '2017-03-17', 'Kannada');
insert into library_books (book_id, book_name , book_author , book_desc , book_genre , book_year , book_language ) values (70, 'potassium nitrate and sodium fluoride', 'Barr Shearsby', 'nulla eget eros elementum pellentesque quisque porta volutpat erat quisque erat eros viverra eget congue eget semper', 'Comedy', '1973-05-19', 'Spanish');
insert into library_books (book_id, book_name , book_author , book_desc , book_genre , book_year , book_language ) values (71, 'MERCURY', 'Julianna Fullwood', 'orci luctus et ultrices posuere cubilia curae duis faucibus accumsan odio curabitur convallis', 'Drama', '2019-03-21', 'Dari');
insert into library_books (book_id, book_name , book_author , book_desc , book_genre , book_year , book_language ) values (72, 'iopromide', 'Maurise Swadling', 'in sapien iaculis congue vivamus metus arcu adipiscing molestie hendrerit at vulputate vitae', 'Drama', '1984-10-30', 'Malagasy');
insert into library_books (book_id, book_name , book_author , book_desc , book_genre , book_year , book_language ) values (73, 'Theophylline', 'Earle Scranney', 'nulla ac enim in tempor turpis nec euismod scelerisque quam turpis adipiscing lorem', 'Comedy|Romance|Thriller', '1991-09-17', 'Malagasy');
insert into library_books (book_id, book_name , book_author , book_desc , book_genre , book_year , book_language ) values (74, 'diphenoxylate hydrochloride and atropine sulfate', 'Jilli Lambrecht', 'mus vivamus vestibulum sagittis sapien cum sociis natoque penatibus et magnis dis parturient', 'Drama|Horror|Thriller', '1978-04-07', 'Croatian');
insert into library_books (book_id, book_name , book_author , book_desc , book_genre , book_year , book_language ) values (75, 'Ketorolac Tromethamine', 'Maurita Innman', 'odio curabitur convallis duis consequat dui nec nisi volutpat eleifend donec', 'Adventure|Drama|Romance', '1984-04-15', 'Belarusian');
insert into library_books (book_id, book_name , book_author , book_desc , book_genre , book_year , book_language ) values (76, 'Dextrose monohydrate', 'Andra Mably', 'at nulla suspendisse potenti cras in purus eu magna vulputate luctus cum sociis natoque penatibus et', 'Adventure|Comedy|Crime|Drama', '2013-04-24', 'Zulu');
insert into library_books (book_id, book_name , book_author , book_desc , book_genre , book_year , book_language ) values (77, 'Aluminum Chlorohydrate', 'Zerk Grigorini', 'et magnis dis parturient montes nascetur ridiculus mus vivamus vestibulum sagittis sapien cum sociis natoque penatibus et magnis', 'Drama', '2011-11-20', 'Bislama');
insert into library_books (book_id, book_name , book_author , book_desc , book_genre , book_year , book_language ) values (78, 'Acetaminophen', 'Olag Senchenko', 'aliquet maecenas leo odio condimentum id luctus nec molestie sed justo pellentesque viverra pede ac diam', 'Action', '1984-09-29', 'Chinese');
insert into library_books (book_id, book_name , book_author , book_desc , book_genre , book_year , book_language ) values (79, 'desvenlafaxine succinate', 'Jessamyn Keizman', 'vestibulum aliquet ultrices erat tortor sollicitudin mi sit amet lobortis', 'Drama|Film-Noir|Thriller', '1989-04-06', 'Tetum');
insert into library_books (book_id, book_name , book_author , book_desc , book_genre , book_year , book_language ) values (80, 'Alcohol', 'Alonso Cuttell', 'justo sollicitudin ut suscipit a feugiat et eros vestibulum ac est lacinia nisi venenatis tristique fusce congue diam id', 'Action|Sci-Fi', '2001-12-09', 'Swedish');
insert into library_books (book_id, book_name , book_author , book_desc , book_genre , book_year , book_language ) values (81, 'Benzalkonium Chloride', 'Clemmie Audley', 'felis fusce posuere felis sed lacus morbi sem mauris laoreet ut rhoncus aliquet pulvinar sed', 'Adventure|Fantasy|IMAX', '1992-03-19', 'Finnish');
insert into library_books (book_id, book_name , book_author , book_desc , book_genre , book_year , book_language ) values (82, 'Phentermine Hydrochloride', 'Langston Ziemecki', 'mauris eget massa tempor convallis nulla neque libero convallis eget eleifend luctus', 'Documentary', '1981-09-26', 'Lao');
insert into library_books (book_id, book_name , book_author , book_desc , book_genre , book_year , book_language ) values (83, 'TOPIRAMATE', 'Katharine Labern', 'et magnis dis parturient montes nascetur ridiculus mus vivamus vestibulum sagittis sapien cum sociis natoque penatibus et magnis dis parturient', 'Drama', '1974-05-12', 'Indonesian');
insert into library_books (book_id, book_name , book_author , book_desc , book_genre , book_year , book_language ) values (84, 'Enalapril Maleate', 'Ray Danielkiewicz', 'nisi eu orci mauris lacinia sapien quis libero nullam sit amet turpis elementum ligula vehicula consequat morbi a ipsum integer', 'Drama', '1972-02-17', 'Tswana');
insert into library_books (book_id, book_name , book_author , book_desc , book_genre , book_year , book_language ) values (85, 'Agrimony, Aspen, Beech, Centaury, Cerato, Cherry Plum, Chestnut bud, Chicory, Clematis, Crab apple, Elm, Gentian, Gorse, Heather, Holly,', 'Jarret Kerry', 'orci pede venenatis non sodales sed tincidunt eu felis fusce posuere felis sed lacus morbi sem mauris', 'Comedy|Crime|Drama', '2003-04-11', 'Khmer');
insert into library_books (book_id, book_name , book_author , book_desc , book_genre , book_year , book_language ) values (86, 'Fluoxetine', 'Dirk Gilburt', 'egestas metus aenean fermentum donec ut mauris eget massa tempor convallis nulla neque libero', 'Horror|Thriller', '2004-07-26', 'Tok Pisin');
insert into library_books (book_id, book_name , book_author , book_desc , book_genre , book_year , book_language ) values (87, 'Octinoxate, Octisalate, Oxybenzone', 'Myrtia Fairn', 'rutrum at lorem integer tincidunt ante vel ipsum praesent blandit lacinia erat vestibulum', 'Drama|Film-Noir|Thriller', '2013-10-25', 'Croatian');
insert into library_books (book_id, book_name , book_author , book_desc , book_genre , book_year , book_language ) values (88, 'Salicylic Acid', 'Maximilien Buye', 'in sagittis dui vel nisl duis ac nibh fusce lacus purus aliquet at feugiat non pretium', 'Adventure|Children|Fantasy', '2011-08-19', 'Malay');
insert into library_books (book_id, book_name , book_author , book_desc , book_genre , book_year , book_language ) values (89, 'Gliocladium', 'Daffy Carress', 'quisque porta volutpat erat quisque erat eros viverra eget congue eget semper', 'Adventure|Children|Comedy|Drama', '1976-05-17', 'Latvian');
insert into library_books (book_id, book_name , book_author , book_desc , book_genre , book_year , book_language ) values (90, 'Treatment Set TS350663', 'Mirabella Goude', 'augue vel accumsan tellus nisi eu orci mauris lacinia sapien quis', 'Documentary', '2008-08-29', 'Hindi');
insert into library_books (book_id, book_name , book_author , book_desc , book_genre , book_year , book_language ) values (91, 'LISINOPRIL AND HYDROCHLOROTHIAZIDE', 'Alphard Nares', 'porttitor pede justo eu massa donec dapibus duis at velit eu est', 'Crime|Drama|Romance', '1989-05-10', 'Malagasy');
insert into library_books (book_id, book_name , book_author , book_desc , book_genre , book_year , book_language ) values (92, 'Dimethicone', 'Viva Tremmil', 'dolor vel est donec odio justo sollicitudin ut suscipit a feugiat et', 'Action|Drama', '1979-04-19', 'Haitian Creole');
insert into library_books (book_id, book_name , book_author , book_desc , book_genre , book_year , book_language ) values (93, 'minocycline hydrochloride', 'Coretta Bringloe', 'lacus morbi sem mauris laoreet ut rhoncus aliquet pulvinar sed nisl nunc rhoncus dui vel sem sed sagittis nam', 'Drama', '1982-08-27', 'Dutch');
insert into library_books (book_id, book_name , book_author , book_desc , book_genre , book_year , book_language ) values (94, 'Probenecid', 'Garey Dillinton', 'augue aliquam erat volutpat in congue etiam justo etiam pretium', 'Drama|Mystery', '2020-03-02', 'Korean');
insert into library_books (book_id, book_name , book_author , book_desc , book_genre , book_year , book_language ) values (95, 'Ascorbic Acid, Folic Acid, Niacin, Thiamine, Riboflavin, Pyridoxine, Cyanocobalamin, Pantothenic Acid, Biotin', 'Hal Elvy', 'egestas metus aenean fermentum donec ut mauris eget massa tempor convallis nulla neque libero convallis eget eleifend luctus ultricies eu', 'Drama|Romance', '1974-06-14', 'Burmese');
insert into library_books (book_id, book_name , book_author , book_desc , book_genre , book_year , book_language ) values (96, 'acetylcysteine', 'Betsy Hammersley', 'magna bibendum imperdiet nullam orci pede venenatis non sodales sed tincidunt', 'Drama|War', '2017-02-06', 'Tswana');
insert into library_books (book_id, book_name , book_author , book_desc , book_genre , book_year , book_language ) values (97, 'benzocaine', 'Lanae Kelloch', 'pulvinar lobortis est phasellus sit amet erat nulla tempus vivamus in felis eu sapien cursus vestibulum proin', 'Comedy|Romance', '1980-01-06', 'Kazakh');
insert into library_books (book_id, book_name , book_author , book_desc , book_genre , book_year , book_language ) values (98, 'Midazolam hydrochloride', 'Birk McHarry', 'dui nec nisi volutpat eleifend donec ut dolor morbi vel lectus in quam fringilla rhoncus mauris', 'Action|Adventure', '1994-08-10', 'Tsonga');
insert into library_books (book_id, book_name , book_author , book_desc , book_genre , book_year , book_language ) values (99, 'Acetaminophen, Dextromethorphan HBr, Phenylephrine HCl', 'Demetria Pendrigh', 'enim sit amet nunc viverra dapibus nulla suscipit ligula in lacus curabitur at ipsum ac tellus semper interdum', 'Crime|Documentary', '1984-10-15', 'Romanian');
insert into library_books (book_id, book_name , book_author , book_desc , book_genre , book_year , book_language ) values (100, 'Fluoride', 'Gizela Aloway', 'ante ipsum primis in faucibus orci luctus et ultrices posuere cubilia curae donec pharetra magna vestibulum', 'Documentary|Musical', '1998-12-05', 'Bosnian');

insert into location (book_id, category_id) values (1, 3);
insert into location (book_id, category_id) values (2, 1);
insert into location (book_id, category_id) values (3, 8);
insert into location (book_id, category_id) values (4, 8);
insert into location (book_id, category_id) values (5, 3);
insert into location (book_id, category_id) values (6, 10);
insert into location (book_id, category_id) values (7, 9);
insert into location (book_id, category_id) values (8, 2);
insert into location (book_id, category_id) values (9, 7);
insert into location (book_id, category_id) values (10, 9);
insert into location (book_id, category_id) values (11, 6);
insert into location (book_id, category_id) values (12, 10);
insert into location (book_id, category_id) values (13, 3);
insert into location (book_id, category_id) values (14, 6);
insert into location (book_id, category_id) values (15, 9);
insert into location (book_id, category_id) values (16, 1);
insert into location (book_id, category_id) values (17, 4);
insert into location (book_id, category_id) values (18, 3);
insert into location (book_id, category_id) values (19, 4);
insert into location (book_id, category_id) values (20, 6);
insert into location (book_id, category_id) values (21, 9);
insert into location (book_id, category_id) values (22, 4);
insert into location (book_id, category_id) values (23, 10);
insert into location (book_id, category_id) values (24, 8);
insert into location (book_id, category_id) values (25, 4);
insert into location (book_id, category_id) values (26, 8);
insert into location (book_id, category_id) values (27, 3);
insert into location (book_id, category_id) values (28, 7);
insert into location (book_id, category_id) values (29, 7);
insert into location (book_id, category_id) values (30, 1);
insert into location (book_id, category_id) values (31, 7);
insert into location (book_id, category_id) values (32, 7);
insert into location (book_id, category_id) values (33, 3);
insert into location (book_id, category_id) values (34, 9);
insert into location (book_id, category_id) values (35, 1);
insert into location (book_id, category_id) values (36, 4);
insert into location (book_id, category_id) values (37, 2);
insert into location (book_id, category_id) values (38, 4);
insert into location (book_id, category_id) values (39, 1);
insert into location (book_id, category_id) values (40, 7);
insert into location (book_id, category_id) values (41, 4);
insert into location (book_id, category_id) values (42, 6);
insert into location (book_id, category_id) values (43, 3);
insert into location (book_id, category_id) values (44, 8);
insert into location (book_id, category_id) values (45, 3);
insert into location (book_id, category_id) values (46, 5);
insert into location (book_id, category_id) values (47, 7);
insert into location (book_id, category_id) values (48, 4);
insert into location (book_id, category_id) values (49, 8);
insert into location (book_id, category_id) values (50, 10);
insert into location (book_id, category_id) values (51, 1);
insert into location (book_id, category_id) values (52, 8);
insert into location (book_id, category_id) values (53, 7);
insert into location (book_id, category_id) values (54, 4);
insert into location (book_id, category_id) values (55, 1);
insert into location (book_id, category_id) values (56, 6);
insert into location (book_id, category_id) values (57, 10);
insert into location (book_id, category_id) values (58, 8);
insert into location (book_id, category_id) values (59, 3);
insert into location (book_id, category_id) values (60, 7);
insert into location (book_id, category_id) values (61, 5);
insert into location (book_id, category_id) values (62, 4);
insert into location (book_id, category_id) values (63, 3);
insert into location (book_id, category_id) values (64, 6);
insert into location (book_id, category_id) values (65, 4);
insert into location (book_id, category_id) values (66, 5);
insert into location (book_id, category_id) values (67, 1);
insert into location (book_id, category_id) values (68, 6);
insert into location (book_id, category_id) values (69, 2);
insert into location (book_id, category_id) values (70, 9);
insert into location (book_id, category_id) values (71, 4);
insert into location (book_id, category_id) values (72, 5);
insert into location (book_id, category_id) values (73, 10);
insert into location (book_id, category_id) values (74, 3);
insert into location (book_id, category_id) values (75, 3);
insert into location (book_id, category_id) values (76, 6);
insert into location (book_id, category_id) values (77, 4);
insert into location (book_id, category_id) values (78, 1);
insert into location (book_id, category_id) values (79, 1);
insert into location (book_id, category_id) values (80, 1);
insert into location (book_id, category_id) values (81, 1);
insert into location (book_id, category_id) values (82, 4);
insert into location (book_id, category_id) values (83, 5);
insert into location (book_id, category_id) values (84, 9);
insert into location (book_id, category_id) values (85, 4);
insert into location (book_id, category_id) values (86, 2);
insert into location (book_id, category_id) values (87, 7);
insert into location (book_id, category_id) values (88, 9);
insert into location (book_id, category_id) values (89, 1);
insert into location (book_id, category_id) values (90, 2);
insert into location (book_id, category_id) values (91, 7);
insert into location (book_id, category_id) values (92, 3);
insert into location (book_id, category_id) values (93, 9);
insert into location (book_id, category_id) values (94, 2);
insert into location (book_id, category_id) values (95, 5);
insert into location (book_id, category_id) values (96, 4);
insert into location (book_id, category_id) values (97, 1);
insert into location (book_id, category_id) values (98, 7);
insert into location (book_id, category_id) values (99, 9);
insert into location (book_id, category_id) values (100, 1);

insert into library_online (book_id, book_size, book_format) values (1, 319, 'Fuscia');
insert into library_online (book_id, book_size, book_format) values (2, 285, 'Yellow');
insert into library_online (book_id, book_size, book_format) values (3, 362, 'Goldenrod');
insert into library_online (book_id, book_size, book_format) values (4, 587, 'Mauv');
insert into library_online (book_id, book_size, book_format) values (5, 208, 'Blue');
insert into library_online (book_id, book_size, book_format) values (6, 762, 'Puce');
insert into library_online (book_id, book_size, book_format) values (7, 517, 'Maroon');
insert into library_online (book_id, book_size, book_format) values (8, 162, 'Maroon');
insert into library_online (book_id, book_size, book_format) values (9, 123, 'Fuscia');
insert into library_online (book_id, book_size, book_format) values (10, 209, 'Mauv');
insert into library_online (book_id, book_size, book_format) values (11, 472, 'Goldenrod');
insert into library_online (book_id, book_size, book_format) values (12, 858, 'Green');
insert into library_online (book_id, book_size, book_format) values (13, 538, 'Green');
insert into library_online (book_id, book_size, book_format) values (14, 689, 'Maroon');
insert into library_online (book_id, book_size, book_format) values (15, 847, 'Fuscia');
insert into library_online (book_id, book_size, book_format) values (16, 937, 'Red');
insert into library_online (book_id, book_size, book_format) values (17, 766, 'Green');
insert into library_online (book_id, book_size, book_format) values (18, 436, 'Puce');
insert into library_online (book_id, book_size, book_format) values (19, 334, 'Purple');
insert into library_online (book_id, book_size, book_format) values (20, 893, 'Aquamarine');

insert into storage (book_id, book_count) values (1, 12);
insert into storage (book_id, book_count) values (2, 28);
insert into storage (book_id, book_count) values (3, 26);
insert into storage (book_id, book_count) values (4, 25);
insert into storage (book_id, book_count) values (5, 19);
insert into storage (book_id, book_count) values (6, 17);
insert into storage (book_id, book_count) values (7, 17);
insert into storage (book_id, book_count) values (8, 16);
insert into storage (book_id, book_count) values (9, 8);
insert into storage (book_id, book_count) values (10, 17);
insert into storage (book_id, book_count) values (11, 3);
insert into storage (book_id, book_count) values (12, 6);
insert into storage (book_id, book_count) values (13, 29);
insert into storage (book_id, book_count) values (14, 26);
insert into storage (book_id, book_count) values (15, 17);
insert into storage (book_id, book_count) values (16, 16);
insert into storage (book_id, book_count) values (17, 19);
insert into storage (book_id, book_count) values (18, 16);
insert into storage (book_id, book_count) values (19, 9);
insert into storage (book_id, book_count) values (20, 17);
insert into storage (book_id, book_count) values (21, 11);
insert into storage (book_id, book_count) values (22, 2);
insert into storage (book_id, book_count) values (23, 11);
insert into storage (book_id, book_count) values (24, 2);
insert into storage (book_id, book_count) values (25, 19);
insert into storage (book_id, book_count) values (26, 10);
insert into storage (book_id, book_count) values (27, 21);
insert into storage (book_id, book_count) values (28, 8);
insert into storage (book_id, book_count) values (29, 6);
insert into storage (book_id, book_count) values (30, 7);
insert into storage (book_id, book_count) values (31, 9);
insert into storage (book_id, book_count) values (32, 8);
insert into storage (book_id, book_count) values (33, 1);
insert into storage (book_id, book_count) values (34, 7);
insert into storage (book_id, book_count) values (35, 10);
insert into storage (book_id, book_count) values (36, 24);
insert into storage (book_id, book_count) values (37, 14);
insert into storage (book_id, book_count) values (38, 17);
insert into storage (book_id, book_count) values (39, 18);
insert into storage (book_id, book_count) values (40, 15);
insert into storage (book_id, book_count) values (41, 24);
insert into storage (book_id, book_count) values (42, 23);
insert into storage (book_id, book_count) values (43, 30);
insert into storage (book_id, book_count) values (44, 25);
insert into storage (book_id, book_count) values (45, 2);
insert into storage (book_id, book_count) values (46, 19);
insert into storage (book_id, book_count) values (47, 4);
insert into storage (book_id, book_count) values (48, 5);
insert into storage (book_id, book_count) values (49, 19);
insert into storage (book_id, book_count) values (50, 22);
insert into storage (book_id, book_count) values (51, 3);
insert into storage (book_id, book_count) values (52, 25);
insert into storage (book_id, book_count) values (53, 27);
insert into storage (book_id, book_count) values (54, 3);
insert into storage (book_id, book_count) values (55, 20);
insert into storage (book_id, book_count) values (56, 11);
insert into storage (book_id, book_count) values (57, 28);
insert into storage (book_id, book_count) values (58, 17);
insert into storage (book_id, book_count) values (59, 5);
insert into storage (book_id, book_count) values (60, 17);
insert into storage (book_id, book_count) values (61, 25);
insert into storage (book_id, book_count) values (62, 10);
insert into storage (book_id, book_count) values (63, 23);
insert into storage (book_id, book_count) values (64, 24);
insert into storage (book_id, book_count) values (65, 15);
insert into storage (book_id, book_count) values (66, 12);
insert into storage (book_id, book_count) values (67, 10);
insert into storage (book_id, book_count) values (68, 6);
insert into storage (book_id, book_count) values (69, 27);
insert into storage (book_id, book_count) values (70, 6);
insert into storage (book_id, book_count) values (71, 10);
insert into storage (book_id, book_count) values (72, 19);
insert into storage (book_id, book_count) values (73, 8);
insert into storage (book_id, book_count) values (74, 24);
insert into storage (book_id, book_count) values (75, 1);
insert into storage (book_id, book_count) values (76, 29);
insert into storage (book_id, book_count) values (77, 21);
insert into storage (book_id, book_count) values (78, 21);
insert into storage (book_id, book_count) values (79, 13);
insert into storage (book_id, book_count) values (80, 6);
insert into storage (book_id, book_count) values (81, 14);
insert into storage (book_id, book_count) values (82, 24);
insert into storage (book_id, book_count) values (83, 27);
insert into storage (book_id, book_count) values (84, 22);
insert into storage (book_id, book_count) values (85, 22);
insert into storage (book_id, book_count) values (86, 8);
insert into storage (book_id, book_count) values (87, 9);
insert into storage (book_id, book_count) values (88, 8);
insert into storage (book_id, book_count) values (89, 22);
insert into storage (book_id, book_count) values (90, 20);
insert into storage (book_id, book_count) values (91, 2);
insert into storage (book_id, book_count) values (92, 16);
insert into storage (book_id, book_count) values (93, 4);
insert into storage (book_id, book_count) values (94, 2);
insert into storage (book_id, book_count) values (95, 30);
insert into storage (book_id, book_count) values (96, 25);
insert into storage (book_id, book_count) values (97, 28);
insert into storage (book_id, book_count) values (98, 4);
insert into storage (book_id, book_count) values (99, 13);
insert into storage (book_id, book_count) values (100, 26);

insert into books_restoration (book_id, damage, corrector) values (94, 'id luctus nec molestie sed justo pellentesque viverra pede ac diam cras pellentesque volutpat dui maecenas tristique est', 'Schimmel Inc');
insert into books_restoration (book_id, damage, corrector) values (26, 'eros suspendisse accumsan tortor quis turpis sed ante vivamus tortor duis mattis egestas metus aenean', 'Walsh LLC');
insert into books_restoration (book_id, damage, corrector) values (78, 'adipiscing molestie hendrerit at vulputate vitae nisl aenean lectus pellentesque eget nunc donec quis', 'McCullough Inc');
insert into books_restoration (book_id, damage, corrector) values (47, 'id justo sit amet sapien dignissim vestibulum vestibulum ante ipsum primis in', 'Gleason LLC');
insert into books_restoration (book_id, damage, corrector) values (45, 'tempus sit amet sem fusce consequat nulla nisl nunc nisl duis bibendum felis sed interdum venenatis turpis', 'Effertz-Harvey');
insert into books_restoration (book_id, damage, corrector) values (11, 'venenatis turpis enim blandit mi in porttitor pede justo eu massa donec dapibus duis at velit eu est congue', 'Carter Group');
insert into books_restoration (book_id, damage, corrector) values (98, 'venenatis lacinia aenean sit amet justo morbi ut odio cras mi pede malesuada in', 'Stanton Group');
insert into books_restoration (book_id, damage, corrector) values (91, 'varius integer ac leo pellentesque ultrices mattis odio donec vitae', 'Gaylord, Senger and Howe');
insert into books_restoration (book_id, damage, corrector) values (53, 'viverra diam vitae quam suspendisse potenti nullam porttitor lacus at turpis donec posuere metus', 'Torp-Rempel');
insert into books_restoration (book_id, damage, corrector) values (77, 'montes nascetur ridiculus mus etiam vel augue vestibulum rutrum rutrum neque aenean auctor gravida sem praesent id massa', 'Luettgen Inc');

insert into online_orders (user_id, book_id) values (6, 5);
insert into online_orders (user_id, book_id) values (9, 6);
insert into online_orders (user_id, book_id) values (1, 7);
insert into online_orders (user_id, book_id) values (7, 8);
insert into online_orders (user_id, book_id) values (5, 8);
insert into online_orders (user_id, book_id) values (1, 3);
insert into online_orders (user_id, book_id) values (10, 5);
insert into online_orders (user_id, book_id) values (7, 7);
insert into online_orders (user_id, book_id) values (7, 8);
insert into online_orders (user_id, book_id) values (6, 5);

insert into book_orders (order_id, r_id, order_date, book_id, employee_id) values (1, 42, '2016-12-30', 17, 4);
insert into book_orders (order_id, r_id, order_date, book_id, employee_id) values (2, 31, '2017-11-06', 52, 9);
insert into book_orders (order_id, r_id, order_date, book_id, employee_id) values (3, 9, '2020-06-18', 88, 13);
insert into book_orders (order_id, r_id, order_date, book_id, employee_id) values (4, 1, '2011-03-12', 10, 17);
insert into book_orders (order_id, r_id, order_date, book_id, employee_id) values (5, 13, '2011-06-07', 30, 10);
insert into book_orders (order_id, r_id, order_date, book_id, employee_id) values (6, 13, '2017-03-28', 41, 17);
insert into book_orders (order_id, r_id, order_date, book_id, employee_id) values (7, 43, '2014-02-18', 39, 5);
insert into book_orders (order_id, r_id, order_date, book_id, employee_id) values (8, 27, '2011-08-25', 13, 9);
insert into book_orders (order_id, r_id, order_date, book_id, employee_id) values (9, 47, '2018-10-14', 86, 5);
insert into book_orders (order_id, r_id, order_date, book_id, employee_id) values (10, 33, '2017-08-14', 56, 18);
